<?xml version="1.0" encoding="UTF-8"?>
<GenRun Id="kolejka_xlconstant_0_2_synth_1" LaunchPart="xc7z010clg400-1" LaunchTime="1509820534">
  <File Type="PA-TCL" Name="kolejka_xlconstant_0_2.tcl"/>
  <File Type="RDS-PROPCONSTRS" Name="kolejka_xlconstant_0_2_drc_synth.rpt"/>
  <File Type="REPORTS-TCL" Name="kolejka_xlconstant_0_2_reports.tcl"/>
  <File Type="RDS-RDS" Name="kolejka_xlconstant_0_2.vds"/>
  <File Type="RDS-UTIL" Name="kolejka_xlconstant_0_2_utilization_synth.rpt"/>
  <File Type="RDS-UTIL-PB" Name="kolejka_xlconstant_0_2_utilization_synth.pb"/>
  <File Type="RDS-DCP" Name="kolejka_xlconstant_0_2.dcp"/>
  <File Type="VDS-TIMINGSUMMARY" Name="kolejka_xlconstant_0_2_timing_summary_synth.rpt"/>
  <File Type="VDS-TIMING-PB" Name="kolejka_xlconstant_0_2_timing_summary_synth.pb"/>
  <FileSet Name="sources" Type="BlockSrcs" RelSrcDir="$PSRCDIR/kolejka_xlconstant_0_2">
    <File Path="$PSRCDIR/sources_1/bd/kolejka/ip/kolejka_xlconstant_0_2/kolejka_xlconstant_0_2.xci">
      <FileInfo>
        <Attr Name="UsedIn" Val="synthesis"/>
        <Attr Name="UsedIn" Val="implementation"/>
        <Attr Name="UsedIn" Val="simulation"/>
      </FileInfo>
    </File>
    <Config>
      <Option Name="TopModule" Val="kolejka_xlconstant_0_2"/>
      <Option Name="UseBlackboxStub" Val="1"/>
    </Config>
  </FileSet>
  <FileSet Name="constrs_in" Type="BlockSrcs" RelSrcDir="$PSRCDIR/kolejka_xlconstant_0_2">
    <File Path="$PSRCDIR/sources_1/bd/kolejka/ip/kolejka_xlconstant_0_2/kolejka_xlconstant_0_2.xci">
      <FileInfo>
        <Attr Name="UsedIn" Val="synthesis"/>
        <Attr Name="UsedIn" Val="implementation"/>
        <Attr Name="UsedIn" Val="simulation"/>
      </FileInfo>
    </File>
    <Config>
      <Option Name="TopModule" Val="kolejka_xlconstant_0_2"/>
      <Option Name="UseBlackboxStub" Val="1"/>
    </Config>
  </FileSet>
  <Strategy Version="1" Minor="2">
    <StratHandle Name="Vivado Synthesis Defaults" Flow="Vivado Synthesis 2017">
      <Desc>Vivado Synthesis Defaults</Desc>
    </StratHandle>
    <Step Id="synth_design"/>
  </Strategy>
</GenRun>
