<?xml version="1.0" encoding="UTF-8"?>
<GenRun Id="synth_1" LaunchPart="xc7z010clg400-1" LaunchTime="1509813669">
  <File Type="PA-TCL" Name="zad1.tcl"/>
  <File Type="RDS-PROPCONSTRS" Name="zad1_drc_synth.rpt"/>
  <File Type="REPORTS-TCL" Name="zad1_reports.tcl"/>
  <File Type="RDS-RDS" Name="zad1.vds"/>
  <File Type="RDS-UTIL" Name="zad1_utilization_synth.rpt"/>
  <File Type="RDS-UTIL-PB" Name="przetworniki_utilization_synth.pb"/>
  <File Type="RDS-DCP" Name="zad1.dcp"/>
  <File Type="VDS-TIMINGSUMMARY" Name="zad1_timing_summary_synth.rpt"/>
  <File Type="VDS-TIMING-PB" Name="zad1_timing_summary_synth.pb"/>
  <FileSet Name="sources" Type="DesignSrcs" RelSrcDir="$PSRCDIR/sources_1">
    <Filter Type="Srcs"/>
    <File Path="$PSRCDIR/sources_1/new/przetworniki.vhd">
      <FileInfo>
        <Attr Name="UsedIn" Val="synthesis"/>
        <Attr Name="UsedIn" Val="simulation"/>
      </FileInfo>
    </File>
    <File Path="$PSRCDIR/sources_1/bd/kolejka/kolejka.bd">
      <FileInfo>
        <Attr Name="AutoDisabled" Val="1"/>
        <Attr Name="UsedIn" Val="synthesis"/>
        <Attr Name="UsedIn" Val="implementation"/>
        <Attr Name="UsedIn" Val="simulation"/>
      </FileInfo>
    </File>
    <Config>
      <Option Name="DesignMode" Val="RTL"/>
      <Option Name="TopModule" Val="zad1"/>
      <Option Name="TopLib" Val="xil_defaultlib"/>
      <Option Name="TopArchitecture" Val="Behavioral"/>
      <Option Name="TopRTLFile" Val="$PSRCDIR/sources_1/new/przetworniki.vhd"/>
      <Option Name="TopAutoSet" Val="TRUE"/>
    </Config>
  </FileSet>
  <FileSet Name="constrs_in" Type="Constrs" RelSrcDir="$PSRCDIR/constrs_1">
    <Filter Type="Constrs"/>
    <File Path="$PPRDIR/../redpitaya/RedPitaya-master/fpga/sdc/red_pitaya.xdc">
      <FileInfo>
        <Attr Name="UsedIn" Val="synthesis"/>
        <Attr Name="UsedIn" Val="implementation"/>
      </FileInfo>
    </File>
    <Config>
      <Option Name="ConstrsType" Val="XDC"/>
    </Config>
  </FileSet>
  <Strategy Version="1" Minor="2">
    <StratHandle Name="Vivado Synthesis Defaults" Flow="Vivado Synthesis 2017"/>
    <Step Id="synth_design"/>
  </Strategy>
</GenRun>
