<?xml version="1.0"?>
<Runs Version="1" Minor="0">
	<Run Id="kolejka_axis_data_fifo_0_0_synth_1" LaunchDir="C:/makiv2/kamera_akustyczna_v0.1/kamera_akustyczna_v0.1.runs/kolejka_axis_data_fifo_0_0_synth_1" FlowId="Vivado_Synthesis" FromStepId="vivado" ToStepId="vivado"/>
	<Run Id="kolejka_util_ds_buf_0_0_synth_1" LaunchDir="C:/makiv2/kamera_akustyczna_v0.1/kamera_akustyczna_v0.1.runs/kolejka_util_ds_buf_0_0_synth_1" FlowId="Vivado_Synthesis" FromStepId="vivado" ToStepId="vivado"/>
	<Run Id="synth_1" LaunchDir="C:/makiv2/kamera_akustyczna_v0.1/kamera_akustyczna_v0.1.runs/synth_1" FlowId="Vivado_Synthesis" FromStepId="vivado" ToStepId="vivado">
		<Parent Id="kolejka_axis_data_fifo_0_0_synth_1"/>
		<Parent Id="kolejka_util_ds_buf_0_0_synth_1"/>
	</Run>
	<Run Id="impl_1" LaunchDir="C:/makiv2/kamera_akustyczna_v0.1/kamera_akustyczna_v0.1.runs/impl_1" FlowId="Vivado_Implementation" FromStepId="init_design" ToStepId="route_design">
		<Parent Id="synth_1"/>
		<Parent Id="kolejka_axis_data_fifo_0_0_synth_1"/>
		<Parent Id="kolejka_util_ds_buf_0_0_synth_1"/>
	</Run>
</Runs>

